Feature,p (4w),p (13w),p (26w),p (52w)
∆ Salmon (NOK/KG) 1w,0.0,0.0,0.0,0.0
∆ Salmon (NOK/KG) 2w,0.0,0.0,0.0,0.0
∆ Salmon (NOK/KG) 1m,0.0,0.0,0.0,0.0
∆ Salmon (NOK/KG) 3m,0.0,0.0,0.0,0.0
∆ Salmon (NOK/KG) 6m,0.0,0.0,0.0,0.0
∆ Salmon (NOK/KG) 12m,0.0,0.0,0.0,0.0
Acc 1w,0.0,0.0,0.0,0.0
Acc 1m,0.0,0.0,0.0,0.0
RVol 4w,0.0,0.0,0.0,0.0
RVol 13w,0.0,0.0,0.0,0.0
RVol 52w,0.0,0.0,0.0,0.0
Spread (FP - SSB),0.0,0.0,0.0,0.0
∆ Spread (FP - SSB),0.0,0.0,0.0,0.0
FWD 1m,0.0,0.0,0.0,0.0
∆ FWD 1m,0.0,0.0,0.0,0.0
FWD 3m,0.0,0.0,0.0,0.0
∆ FWD 3m,0.0,0.0,0.0,0.0
FWD 6m,0.0,0.0,0.0,0.0
∆ FWD 6m,0.0,0.0,0.0,0.0
FWD 12m,0.0,0.0,0.0,0.0
∆ FWD 12m,0.0,0.0,0.0,0.0
FWD Slope,0.0,0.0,0.0,0.0
FWD Curvature,0.0,0.0,0.0,0.0
∆ Export Volume 1w,0.0,0.0,0.0,0.0
∆ Export Volume 2w,0.0,0.0,0.0,0.0
∆ Export Volume 1m,0.0,0.0,0.0,0.0
∆ Chilean Exports 1w,0.0,0.0,0.0,0.0
∆ Chilean Exports 2w,0.0,0.0,0.0,0.0
∆ Chilean Exports 1m,0.0,0.0,0.0,0.0
∆ Chilean Exports 3m,0.0,0.0,0.0,0.0
∆ Total Biomass Monthly,0.0,0.0,0.0,0.0
∆YOY Total Biomass Monthly,0.0,0.0,0.0,0.0
Avg Weight (KG) Monthly,0.0,0.0,0.0,0.0
YOY Avg Weight (KG) Monthly,0.0,0.0,0.0,0.0
Harvest Intensity 1m Monthly,0.0,0.0,0.0,0.0
Harvest Intensity 3m Monthly,0.0,0.0,0.0,0.0
Loss Rate 1m Monthly,0.0,0.0,0.0,0.0
Loss Rate 3m Monthly,0.0,0.0,0.0,0.0
Loss Rate 6m Monthly,0.0,0.0,0.0,0.0
Smolt Release 2m Monthly,0.0,0.0,0.0,0.0
Smolt Release 3m Monthly,0.0,0.0,0.0,0.0
Smolt Release 4m Monthly,0.0,0.0,0.0,0.0
Smolt Release 5m Monthly,0.0,0.0,0.0,0.0
Smolt Release 6m Monthly,0.0,0.0,0.0,0.0
Smolt Release 7m Monthly,0.0,0.0,0.0,0.0
Smolt Release 8m Monthly,0.0,0.0,0.0,0.0
Smolt Release 9m Monthly,0.0,0.0,0.0,0.0
Smolt Release 10m Monthly,0.0,0.0,0.0,0.0
Smolt Release 11m Monthly,0.0,0.0,0.0,0.0
Smolt Release 12m Monthly,0.0,0.0,0.0,0.0
Smolt Release 13m Monthly,0.0,0.0,0.0,0.0
Smolt Release 14m Monthly,0.0,0.0,0.0,0.0
Smolt Release 15m Monthly,0.0,0.0,0.0,0.0
Smolt Release 16m Monthly,0.0,0.0,0.0,0.0
Smolt Release 17m Monthly,0.0,0.0,0.0,0.0
Smolt Release 18m Monthly,0.0,0.0,0.0,0.0
ISA Outbreak,0.0,0.0,0.0,0.0
ISA Outbreak 1m,0.0,0.0,0.0,0.0
ISA Outbreak 3m,0.0,0.0,0.0,0.0
Lice Outbreak,0.0,0.0,0.0,0.0
Lice Outbreak 1m,0.0,0.0,0.0,0.0
Lice Outbreak 3m,0.0,0.0,0.0,0.0
Sea Temp,0.0,0.0,0.0,0.0
Sea Temp 12m Avg,0.0,0.0,0.0,0.0
∆ EURNOK,0.064,0.0001,0.001,0.01
∆ EURNOK 1w,0.0588,0.0001,0.0009,0.0092
∆ EURNOK 2w,0.0,0.0,0.0,0.0
∆ EURNOK 1m,0.0,0.0,0.0,0.0
∆ EURNOK 3m,0.0,0.0,0.0,0.0
∆ EURNOK 6m,0.0,0.0,0.0,0.0
∆ EURNOK 12m,0.0,0.0,0.0,0.0
CPI NO Monthly,0.0,0.0,0.0,0.0
NIBOR 3m,0.0,0.0,0.0,0.0
∆ Shrimp Price (Global) 1m Monthly,0.0,0.0,0.0015,0.0001
∆ Shrimp Price (Global) 3m Monthly,0.0,0.0,0.0,0.0
∆ Shrimp Price (Global) 6m Monthly,0.0,0.0,0.0,0.0
∆ Shrimp Price (Global) 12m Monthly,0.0,0.0,0.0,0.0
∆ Broiler Price (EU) 1w,0.0,0.0,0.0,0.0
∆ Broiler Price (EU) 2w,0.0,0.0,0.0,0.0
∆ Broiler Price (EU) 1m,0.0,0.0,0.0,0.0
∆ Broiler Price (EU) 3m,0.0,0.0,0.0,0.0
∆ Broiler Price (EU) 6m,0.0,0.0,0.0,0.0
∆ Broiler Price (EU) 12m,0.0,0.0,0.0,0.0
∆ Pig Price (EU),0.0,0.0031,0.0023,0.0002
∆ Pig Price (EU) 1w,0.0,0.0,0.0,0.0
∆ Pig Price (EU) 2w,0.0,0.0,0.0,0.0
∆ Pig Price (EU) 1m,0.0,0.0,0.0,0.0
∆ Pig Price (EU) 3m,0.0,0.0,0.0,0.0
∆ Pig Price (EU) 6m,0.0,0.0,0.0,0.0
∆ Pig Price (EU) 12m,0.0,0.0,0.0,0.0
Meat CPI (EU) Monthly,0.0,0.0,0.0,0.0
∆ Fishmeal 1m Monthly,0.0,0.0,0.0,0.0042
∆ Fishmeal 3m Monthly,0.0,0.0,0.0,0.0
∆ Fishmeal 6m Monthly,0.0,0.0,0.0,0.0
∆ Fishmeal 12m Monthly,0.0,0.0,0.0,0.0
Brent FWD Slope,0.0,0.0,0.0,0.0
Brent FWD Curvature,0.0,0.0,0.0,0.0
Soybean FWD Slope,0.0,0.0,0.0,0.0
Soybean FWD Curvature,0.0,0.0,0.0,0.0
Month_01,0.0,0.0,0.0,0.0
Month_02,0.0,0.0,0.0,0.0
Month_03,0.0,0.0,0.0,0.0
Month_04,0.0,0.0,0.0,0.0
Month_05,0.0,0.0,0.0,0.0
Month_06,0.0,0.0,0.0,0.0
Month_07,0.0,0.0,0.0,0.0
Month_08,0.0,0.0,0.0,0.0
Month_09,0.0,0.0,0.0,0.0
Month_10,0.0,0.0,0.0,0.0
Month_11,0.0,0.0,0.0,0.0
