Column,Type,Mean,Std,Skew,Kurt,Min,Max,pct_NaN,pct_Zero
Y 0w ∆ Salmon (NOK/KG),Target,0.0012,0.0669,-0.3017,4.8446,-0.5468,0.3615,0.1,0.2
Y 1w ∆ Salmon (NOK/KG),Target,0.0024,0.0994,-0.0855,1.3808,-0.5513,0.4459,0.2,0.0
Y 2w ∆ Salmon (NOK/KG),Target,0.0036,0.1147,-0.0846,0.7647,-0.5276,0.4839,0.3,0.1
Y 1m ∆ Salmon (NOK/KG),Target,0.0059,0.1391,-0.1345,0.3537,-0.4895,0.4648,0.5,0.0
Y 3m ∆ Salmon (NOK/KG),Target,0.015,0.2326,-0.1376,-0.2904,-0.6009,0.6299,1.3,0.0
Y 6m ∆ Salmon (NOK/KG),Target,0.0243,0.2831,-0.0966,-0.3631,-0.8119,0.7765,2.6,0.0
Y 12m ∆ Salmon (NOK/KG),Target,0.0463,0.2592,-0.2216,-0.1754,-0.7183,0.7295,5.0,0.0
∆ Salmon (NOK/KG) 1w,Feature,0.0012,0.0669,-0.3032,4.8431,-0.5468,0.3615,0.1,0.2
∆ Salmon (NOK/KG) 2w,Feature,0.0013,0.0497,-0.0875,1.384,-0.2757,0.2229,0.2,0.0
∆ Salmon (NOK/KG) 1m,Feature,0.0012,0.0316,-0.0978,0.4327,-0.1235,0.1071,0.4,0.1
∆ Salmon (NOK/KG) 3m,Feature,0.0011,0.0173,-0.1599,-0.2405,-0.0469,0.05,1.2,0.0
∆ Salmon (NOK/KG) 6m,Feature,0.0009,0.0108,-0.1091,-0.383,-0.0319,0.0313,2.5,0.0
∆ Salmon (NOK/KG) 12m,Feature,0.0009,0.0049,-0.243,-0.0923,-0.0139,0.0124,4.9,0.0
RVol 4w,Feature,0.059,0.0342,3.2071,23.9299,0.0044,0.3818,0.4,0.0
RVol 13w,Feature,0.0635,0.0224,2.7043,13.9667,0.0205,0.2013,1.2,0.0
RVol 52w,Feature,0.0662,0.0132,1.7253,4.271,0.0433,0.1162,4.9,0.0
Spread (FP - SSB),Feature,-0.5364,2.7486,1.4735,7.3561,-14.58,17.21,0.0,0.5
∆ Spread (FP - SSB),Feature,0.0016,1.6251,-0.8322,17.7561,-15.9,13.17,0.1,0.3
FWD 1m,Feature,-0.0002,0.0954,-0.0838,0.4356,-0.3432,0.4263,2.1,0.1
∆ FWD 1m,Feature,0.0001,0.0695,0.4122,4.5381,-0.3181,0.5622,2.2,0.1
FWD 3m,Feature,0.004,0.156,-0.2102,-0.0346,-0.5239,0.4238,2.2,0.2
∆ FWD 3m,Feature,-0.0,0.0715,0.2335,3.9096,-0.3135,0.5468,2.4,0.0
FWD 6m,Feature,-0.0025,0.19,0.1617,-0.2942,-0.4959,0.5813,3.4,0.2
∆ FWD 6m,Feature,-0.0003,0.072,0.0107,3.6164,-0.3673,0.491,3.6,0.1
FWD 12m,Feature,-0.0201,0.1429,-0.0209,0.0533,-0.4627,0.4405,5.9,0.1
∆ FWD 12m,Feature,0.0001,0.0678,0.2049,3.6,-0.3514,0.4976,6.1,0.0
FWD Slope,Feature,-0.0198,0.1007,0.4139,1.1181,-0.3272,0.3943,5.9,1.3
FWD Curvature,Feature,-0.0277,0.2468,-0.4497,0.7514,-0.8231,0.6165,5.9,0.0
∆ Export Volume 1w,Feature,0.0006,0.1645,-2.5528,14.7362,-1.2693,0.7283,0.0,0.1
∆ Export Volume 2w,Feature,0.0004,0.1066,-1.7864,9.2517,-0.7119,0.492,0.0,0.0
∆ Export Volume 1m,Feature,0.0004,0.0563,-1.2612,4.3597,-0.3148,0.2187,0.0,0.2
∆ Chilean Exports 1w,Feature,-0.0001,0.3316,0.0479,2.3422,-1.2475,1.9437,0.0,0.0
∆ Chilean Exports 2w,Feature,-0.0002,0.1891,-0.0401,3.086,-1.0213,0.8922,0.0,0.0
∆ Chilean Exports 1m,Feature,-0.0002,0.0971,-0.1723,2.0521,-0.5033,0.3973,0.0,0.0
∆ Chilean Exports 3m,Feature,0.0002,0.0413,-0.0088,0.4059,-0.1227,0.1589,0.0,0.0
∆ Total Biomass Monthly,Feature,0.0031,0.0425,0.5502,-0.3534,-0.0846,0.1252,0.0,0.0
∆YOY Total Biomass Monthly,Feature,0.0465,0.06,0.9208,0.8949,-0.0605,0.2631,0.6,0.0
Avg Weight (KG) Monthly,Feature,1.8114,0.1561,-0.5691,0.0955,1.3307,2.1137,0.0,0.0
YOY Avg Weight (KG) Monthly,Feature,0.0055,0.0471,0.0073,-0.4757,-0.1212,0.1147,0.6,0.0
Harvest Intensity 1m Monthly,Feature,0.1456,0.0192,0.5541,0.3154,0.1032,0.2041,0.0,0.0
Harvest Intensity 3m Monthly,Feature,0.146,0.0149,0.8673,0.9461,0.1107,0.1948,0.0,0.0
Loss Rate 1m Monthly,Feature,0.0112,0.0032,1.5683,6.2611,0.0055,0.0308,0.0,0.0
Loss Rate 3m Monthly,Feature,0.0112,0.0022,0.3463,0.0676,0.0065,0.0181,0.0,0.0
Loss Rate 6m Monthly,Feature,0.0112,0.0016,-0.0018,-0.0778,0.0072,0.0161,0.0,0.0
Smolt Release 2m Monthly,Feature,16.3843,1.3848,-1.5917,3.6016,8.7948,18.1344,0.0,0.0
Smolt Release 3m Monthly,Feature,16.3798,1.3856,-1.58,3.5659,8.7948,18.1344,0.0,0.0
Smolt Release 4m Monthly,Feature,16.3723,1.3862,-1.5641,3.5209,8.7948,18.1344,0.0,0.0
Smolt Release 5m Monthly,Feature,16.3722,1.3862,-1.5641,3.5212,8.7948,18.1344,0.0,0.0
Smolt Release 6m Monthly,Feature,16.373,1.3868,-1.5625,3.5143,8.7948,18.1344,0.0,0.0
Smolt Release 7m Monthly,Feature,16.3707,1.3855,-1.5635,3.5267,8.7948,18.1344,0.0,0.0
Smolt Release 8m Monthly,Feature,16.3596,1.3911,-1.5345,3.3916,8.7948,18.1344,0.0,0.0
Smolt Release 9m Monthly,Feature,16.3451,1.4029,-1.5021,3.1922,8.7948,18.1344,0.0,0.0
Smolt Release 10m Monthly,Feature,16.3277,1.4118,-1.4746,3.0271,8.7948,18.1344,0.0,0.0
Smolt Release 11m Monthly,Feature,16.3127,1.4224,-1.4437,2.8519,8.7948,18.1344,0.0,0.0
Smolt Release 12m Monthly,Feature,16.3158,1.4246,-1.449,2.8532,8.7948,18.1344,0.3,0.0
Smolt Release 13m Monthly,Feature,16.3289,1.4127,-1.4725,3.0255,8.7948,18.1344,0.7,0.0
Smolt Release 14m Monthly,Feature,16.3323,1.4146,-1.4791,3.0321,8.7948,18.1344,1.1,0.0
Smolt Release 15m Monthly,Feature,16.33,1.4171,-1.4728,3.0052,8.7948,18.1344,1.5,0.0
Smolt Release 16m Monthly,Feature,16.3282,1.4198,-1.4669,2.9775,8.7948,18.1344,2.0,0.0
Smolt Release 17m Monthly,Feature,16.3244,1.4216,-1.4606,2.9564,8.7948,18.1344,2.4,0.0
Smolt Release 18m Monthly,Feature,16.3204,1.4233,-1.4544,2.9365,8.7948,18.1344,2.7,0.0
ISA Outbreak,Feature,9.9391,6.0228,0.3532,-0.8295,0.0,24.0,22.3,2.0
ISA Outbreak 1m,Feature,9.94,5.9676,0.3499,-0.8446,0.0,24.0,22.6,1.7
ISA Outbreak 3m,Feature,9.9532,5.8248,0.3171,-0.9041,0.0,23.3846,23.5,0.9
Lice Outbreak,Feature,0.163,0.0603,0.6836,0.818,0.0301,0.3914,29.6,0.0
Lice Outbreak 1m,Feature,0.1627,0.0574,0.5267,0.3776,0.0311,0.3601,30.0,0.0
Lice Outbreak 3m,Feature,0.1624,0.0501,0.5735,0.3103,0.0401,0.3173,30.9,0.0
Sea Temp,Feature,9.0266,3.1645,0.2575,-1.2823,3.6966,15.6791,29.6,0.0
Sea Temp 12m Avg,Feature,9.0688,0.295,-0.7889,1.8467,8.112,9.7159,34.5,0.0
∆ EURNOK,Feature,0.0003,0.0121,1.108,12.8438,-0.0749,0.1204,0.0,0.1
∆ EURNOK 1w,Feature,0.0003,0.0121,1.1082,12.8076,-0.0749,0.1204,0.0,0.1
∆ EURNOK 2w,Feature,0.0003,0.0083,1.6034,14.6762,-0.0361,0.0891,0.0,0.2
∆ EURNOK 1m,Feature,0.0003,0.0057,1.0804,9.0764,-0.0254,0.0517,0.0,0.0
∆ EURNOK 3m,Feature,0.0003,0.0028,0.9131,3.0519,-0.0108,0.0159,0.0,0.0
∆ EURNOK 6m,Feature,0.0004,0.0017,0.7752,1.4526,-0.0056,0.0087,0.0,0.0
∆ EURNOK 12m,Feature,0.0004,0.0012,0.1561,0.0742,-0.0039,0.0046,0.0,0.0
CPI NO Monthly,Feature,2.6201,1.4664,0.9812,1.1962,-0.3,7.5,0.0,0.0
NIBOR 3m,Feature,2.5258,1.6211,0.7281,-0.3742,0.19,7.91,0.0,0.0
∆ Shrimp Price (Global) 1m Monthly,Feature,0.0005,0.0483,-0.4892,1.263,-0.1675,0.1329,0.0,0.0
∆ Shrimp Price (Global) 3m Monthly,Feature,0.0023,0.0269,-0.2707,0.3343,-0.0858,0.0707,0.0,0.0
∆ Shrimp Price (Global) 6m Monthly,Feature,0.0022,0.0173,0.3096,0.1658,-0.0476,0.0482,0.0,0.0
∆ Shrimp Price (Global) 12m Monthly,Feature,0.0022,0.0108,0.4368,0.761,-0.0257,0.038,0.0,0.0
∆ Broiler Price (EU) 1w,Feature,0.0016,0.0203,1.1991,9.7612,-0.0944,0.1732,29.7,0.0
∆ Broiler Price (EU) 2w,Feature,0.0016,0.0162,1.2252,11.4746,-0.0808,0.1486,29.8,0.0
∆ Broiler Price (EU) 1m,Feature,0.0016,0.0116,1.1142,8.8082,-0.0539,0.0957,30.0,0.0
∆ Broiler Price (EU) 3m,Feature,0.0017,0.0058,0.6231,2.4246,-0.0224,0.0329,30.9,0.0
∆ Broiler Price (EU) 6m,Feature,0.0018,0.0034,0.5975,0.8791,-0.0108,0.0161,32.1,0.0
∆ Broiler Price (EU) 12m,Feature,0.0019,0.0022,0.323,0.6208,-0.0067,0.0094,34.6,0.0
∆ Pig Price (EU),Feature,0.001,0.0316,0.5554,4.9319,-0.1639,0.2063,39.6,0.0
∆ Pig Price (EU) 1w,Feature,0.0011,0.0244,0.6364,3.8913,-0.0982,0.1568,39.7,0.0
∆ Pig Price (EU) 2w,Feature,0.0011,0.0209,0.4943,2.3457,-0.0864,0.1133,39.8,0.0
∆ Pig Price (EU) 1m,Feature,0.001,0.0168,0.5905,1.7633,-0.0481,0.0934,40.0,0.0
∆ Pig Price (EU) 3m,Feature,0.0011,0.0101,0.2403,0.118,-0.0302,0.031,40.8,0.0
∆ Pig Price (EU) 6m,Feature,0.0012,0.0073,0.0324,-0.1085,-0.0236,0.0186,42.0,0.0
∆ Pig Price (EU) 12m,Feature,0.0014,0.0047,0.4274,0.0676,-0.0126,0.0155,44.5,0.0
Meat CPI (EU) Monthly,Feature,2.725,3.0779,2.354,6.5174,-0.7,15.6,0.0,5.4
∆ Fishmeal 1m Monthly,Feature,0.0084,0.0566,0.7305,2.3455,-0.1205,0.2921,0.0,0.0
∆ Fishmeal 3m Monthly,Feature,0.0054,0.036,0.3757,0.6367,-0.0909,0.1306,0.0,0.0
∆ Fishmeal 6m Monthly,Feature,0.0054,0.0259,0.1629,-0.6306,-0.053,0.0625,0.0,0.0
∆ Fishmeal 12m Monthly,Feature,0.0052,0.0182,-0.0547,-0.639,-0.0315,0.0527,0.0,0.0
Brent FWD Slope,Feature,0.0018,0.0869,1.0777,3.6297,-0.3079,0.5605,0.0,0.1
Brent FWD Curvature,Feature,-0.0057,0.0265,-3.3724,38.0849,-0.3145,0.175,0.0,0.0
Soybean FWD Slope,Feature,-0.0563,0.1107,-0.6398,-0.0741,-0.4443,0.1654,0.9,0.1
Soybean FWD Curvature,Feature,0.0075,0.0716,1.1875,1.6157,-0.1689,0.2828,0.9,0.0
Month_01,Feature,0.0871,0.2821,2.9323,6.6106,0.0,1.0,0.0,91.3
Month_02,Feature,0.0805,0.2722,3.0884,7.5525,0.0,1.0,0.0,92.0
Month_03,Feature,0.0871,0.2821,2.9323,6.6106,0.0,1.0,0.0,91.3
Month_04,Feature,0.0824,0.2751,3.042,7.2678,0.0,1.0,0.0,91.8
Month_05,Feature,0.0843,0.2779,2.9971,6.996,0.0,1.0,0.0,91.6
Month_06,Feature,0.0805,0.2722,3.0884,7.5525,0.0,1.0,0.0,92.0
Month_07,Feature,0.0843,0.2779,2.9971,6.996,0.0,1.0,0.0,91.6
Month_08,Feature,0.0843,0.2779,2.9971,6.996,0.0,1.0,0.0,91.6
Month_09,Feature,0.0805,0.2722,3.0884,7.5525,0.0,1.0,0.0,92.0
Month_10,Feature,0.0843,0.2779,2.9971,6.996,0.0,1.0,0.0,91.6
Month_11,Feature,0.0814,0.2736,3.065,7.4084,0.0,1.0,0.0,91.9
