Date,Actual,Predicted,Fold
2006-06-14,-0.3231140729463444,-0.17515096068382263,1
2006-06-21,-0.3605252876927891,-0.12642735242843628,1
2006-06-28,-0.471303465828651,-0.1546631157398224,1
2006-07-05,-0.5274169731586951,-0.17139001190662384,1
2006-07-12,-0.3548356938340729,-0.07037822902202606,1
2006-07-19,-0.3102256221641073,-0.06953047215938568,1
2006-07-26,-0.3708698783343536,-0.10725140571594238,1
2006-08-02,-0.3865461538484736,-0.0869736522436142,1
2006-08-09,-0.4042706026904019,-0.090252585709095,1
2006-08-16,-0.395910895303353,-0.10195834934711456,1
2006-08-23,-0.3032818809099882,-0.12098190188407898,1
2006-08-30,-0.2595419831884782,-0.1355094611644745,1
2006-09-06,-0.1951032658307792,-0.06225426867604256,1
2006-09-13,-0.1542054338448482,-0.026184044778347015,1
2006-09-20,-0.1504246481191988,-0.03194557875394821,1
2006-09-27,-0.0945724446177851,-0.06192272529006004,1
2006-10-04,-0.0021551732479831,-0.019242674112319946,1
2006-10-11,0.0555800808629061,0.053388629108667374,1
2006-10-18,0.0588720005505698,0.03234357759356499,1
2006-10-25,-0.0265058497145522,0.012331832200288773,1
2006-11-01,-0.0502354494074301,0.01329570822417736,1
2006-11-08,0.0042561488122383,0.06477287411689758,1
2006-11-15,0.1212698972652592,0.08707991242408752,1
2006-11-22,0.2090992732365335,0.10675903409719467,1
2006-11-29,0.0259848615058007,0.04974975809454918,1
2006-12-06,0.0017943661731787,0.021175265312194824,1
2006-12-13,0.092957197423209,0.042066287249326706,1
2006-12-20,0.1098731241798485,0.07218889892101288,1
2006-12-27,0.0790998672972684,0.05546880513429642,1
2007-01-03,0.0583663041711646,0.04310339316725731,1
2007-01-10,0.0704541070896866,0.03156280890107155,1
2007-01-17,0.0282404930341129,0.04105333611369133,1
2007-01-24,-0.0755483180856968,0.00862807035446167,1
2007-01-31,-0.0279738520424062,0.036287300288677216,1
2007-02-07,0.0179086516082471,0.07647012919187546,1
2007-02-14,-0.0096993970887133,0.09787766635417938,1
2007-02-21,-0.1264564239525594,0.0277915820479393,1
2007-02-28,-0.2087031551881768,-0.056904882192611694,1
2007-03-07,-0.1066676277208245,0.05462457239627838,1
2007-03-14,-0.128779090571387,0.06090410798788071,1
2007-03-21,-0.250924317582049,0.01527466531842947,1
2007-03-28,-0.2908923480820293,0.004567259456962347,1
2007-04-04,-0.2390098258580999,0.018573373556137085,1
2007-04-11,-0.1990874084599734,0.003786490298807621,1
2007-04-18,-0.196768577795539,-0.03814840316772461,1
2007-04-25,-0.1564156864581103,-0.02080579474568367,1
2007-05-02,-0.0636420620905342,-0.03321830928325653,1
2007-05-09,0.0100279391861244,-0.0389929935336113,1
2007-05-16,0.0657651099595648,-0.05627373605966568,1
2007-05-23,0.0378702740554097,-0.05168797820806503,1
2007-05-30,0.0244974716003878,-0.02970234863460064,1
2007-06-06,0.035023034789563,-0.04686354473233223,1
2007-06-13,0.0102524557350576,-0.055882859975099564,1
2007-06-20,-0.0226860626217177,-0.016524314880371094,1
2007-06-27,-0.0101434166277347,0.0112207792699337,1
2007-07-04,0.0878914061256463,0.13721008598804474,1
2007-07-11,0.0413609328248654,0.14313380420207977,1
2007-07-18,-0.0639727502596789,0.1278540939092636,1
2007-07-25,-0.1324245856493315,0.09773486107587814,1
2007-08-01,-0.1527271920424047,0.0994812622666359,1
2007-08-08,-0.1687934045929022,0.0925850048661232,1
2007-08-15,-0.163432350322032,0.05342835932970047,1
2007-08-22,-0.136161641991185,-0.003909205086529255,1
2007-08-29,-0.0890609780350732,0.039777904748916626,1
2007-09-05,-0.0707508561178498,0.08213350176811218,1
2007-09-12,-0.0908079019865306,0.0501798577606678,1
2007-09-19,0.0354565079210167,0.044523730874061584,1
2007-09-26,0.2220582734183147,0.07915544509887695,1
2007-10-03,0.2719337154836418,0.11864247918128967,1
2007-10-10,0.1424836289425921,0.06171872466802597,1
2007-10-17,0.0528868515867619,0.06097639724612236,1
2007-10-24,0.0686308150021854,0.08051946014165878,1
2007-10-31,0.1030289687867394,0.09810536354780197,1
2007-11-07,0.1449641295624419,0.09388216584920883,1
2007-11-14,0.184205683587789,0.11300855875015259,1
2007-11-21,0.079439995450369,0.08626166731119156,1
2007-11-28,-0.046442840253801,0.014113182201981544,1
2007-12-05,0.0239216758641118,0.016809385269880295,1
2007-12-12,0.1206184664727687,0.05013597384095192,1
2007-12-19,0.1676981241006401,0.05757521837949753,1
2007-12-26,0.0064163269760584,-0.02275725081562996,1
2008-01-02,-0.158224005214894,-0.11909782886505127,1
2008-01-09,-0.1696363972666392,-0.10373872518539429,1
2008-01-16,-0.113051452670569,-0.05380312353372574,1
2008-01-23,-0.0082102267431221,0.03159202262759209,1
2008-01-30,0.1144446053781691,0.05993296578526497,1
2008-02-06,0.1889521865659302,0.056917861104011536,1
2008-02-13,0.0920234060977023,0.05145357921719551,1
2008-02-20,-0.0282381061172811,0.005112273618578911,1
2008-02-27,-0.0422800505366285,0.025449473410844803,1
2008-03-05,0.0423827453545029,0.07253767549991608,1
2008-03-12,0.1041578696920657,0.03301718086004257,1
2008-03-19,0.0180317673106609,-0.03695232421159744,1
2008-03-26,-0.1286868131049661,-0.06828722357749939,1
2008-04-02,-0.0216779738245391,-0.0249270498752594,1
2008-04-09,0.1464611406329399,0.007713777013123035,1
2008-04-16,0.2142203038746655,0.02141844853758812,1
2008-04-23,0.1773391214790289,0.04162346199154854,1
2008-04-30,0.1423036036979641,0.0823030173778534,1
2008-05-07,0.1202082929605459,-0.07853657752275467,1
2008-05-14,0.0727654564758619,-0.1454576998949051,1
2008-05-21,0.0262152727068567,-0.08458533138036728,1
2008-05-28,0.036050645854075,-0.021464068442583084,1
2008-06-04,0.1561253685579728,0.02904554456472397,1
2008-06-11,0.2015948928625488,0.02364306151866913,1
2008-06-18,-0.016011986924906,-0.07266531139612198,1
2008-06-25,-0.0628380470244232,-0.05639611929655075,1
2008-07-02,0.004019298015391,0.11507169157266617,1
2008-07-09,-0.0229448136992518,0.09247239679098129,1
2008-07-16,-0.1351747783682522,-0.004536558873951435,1
2008-07-23,-0.1932335902449371,-0.04593398794531822,1
2008-07-30,-0.1310419470706851,0.006611069664359093,1
2008-08-06,-0.1365493749147122,0.0490570068359375,1
2008-08-13,-0.2233106217347802,-0.014599901624023914,1
2008-08-20,-0.2294701195813324,-0.07428662478923798,1
2008-08-27,0.0097915560172028,0.022580329328775406,1
2008-09-03,0.0257360084640212,0.0868232324719429,1
2008-09-10,-0.121916386855136,0.020230978727340698,1
2008-09-17,-0.1562590976310192,-0.07697804272174835,1
2008-09-24,0.0542602751908352,0.001886257785372436,1
2008-10-01,0.1362945618451032,0.02645299956202507,1
2008-10-08,0.1282023367270679,0.03847486153244972,1
2008-10-15,0.0599301612686051,0.02272002398967743,1
2008-10-22,0.0439131870899278,0.02216285467147827,1
2008-10-29,0.0959511826395629,0.02527724951505661,1
2008-11-05,0.1032912936104391,0.013896442018449306,1
2008-11-12,0.0806730260051522,0.04835095629096031,1
2008-11-19,0.1397256190246887,0.08615028113126755,1
2008-11-26,0.1969282177267186,0.08535349369049072,1
2008-12-03,0.0406631944708375,-0.03336510807275772,1
2008-12-10,0.155612312243381,0.022054214030504227,1
2008-12-17,0.2331420219653606,0.070740707218647,1
2008-12-24,0.128268735512159,0.03726544976234436,1
2008-12-31,0.047498751880481,-0.054299019277095795,1
2009-01-07,0.150999085664913,-0.07097069174051285,1
2009-01-14,0.1476775106680854,-0.034396473318338394,1
2009-01-21,0.1730780280918522,0.016313135623931885,1
2009-01-28,0.205507464262765,0.032525137066841125,1
2009-02-04,0.2162132195714075,-0.004253683611750603,1
2009-02-11,0.2257430539548361,-0.03498874232172966,1
2009-02-18,0.4265395210761742,0.04704321175813675,1
2009-02-25,0.3348623066429894,0.011099538765847683,1
2009-03-04,0.1093951320909556,-0.06054503098130226,1
2009-03-11,0.2430412918291606,-0.006657262332737446,1
2009-03-18,0.2385388761588465,-0.06201351806521416,1
2009-03-25,0.1852057119738175,-0.0784868597984314,1
2009-04-01,0.2488032980947876,-0.03656382858753204,1
2009-04-08,0.2280354761885403,-0.04948832467198372,1
2009-04-15,0.1653267554243083,-0.13782694935798645,1
2009-04-22,0.1901548248958877,-0.07251618057489395,1
2009-04-29,0.0548705592646387,0.012786165811121464,1
2009-05-06,-0.0872307233383922,-0.06862801313400269,1
2009-05-13,-0.1614904263848289,-0.07443694770336151,1
2009-05-20,-0.2124654305213074,-0.03076316975057125,1
2009-05-27,-0.3967421582712296,-0.1790020614862442,1
2009-06-03,-0.2776837130010041,-0.1988150030374527,1
2009-06-10,-0.0820413093181198,-0.007345213089138269,1
2009-06-17,-0.2382020151884112,-0.08134394884109497,1
2009-06-24,-0.3723948914124166,-0.16753730177879333,1
2009-07-01,-0.3214916743319858,-0.03389730677008629,1
2009-07-08,-0.3366855927133385,-0.022609956562519073,1
2009-07-15,-0.3906713579114647,-0.020783931016921997,1
2009-07-22,-0.5072919059909444,-0.07362332195043564,1
2009-07-29,-0.385899402021983,-0.07211334258317947,1
2009-08-05,-0.2238812865007493,0.025388997048139572,1
2009-08-12,-0.0930422697458315,0.10819271206855774,1
2009-08-19,-0.0629444659510709,0.10628470778465271,1
2009-08-26,-0.0090656129944179,0.09561458975076675,1
2009-09-02,0.0174613385184336,0.14813990890979767,1
2009-09-09,-0.03100753554012,0.11644630879163742,1
2009-09-16,-0.064451832220695,0.06478933990001678,1
2009-09-23,0.0478044568446724,0.06618314981460571,1
2009-09-30,0.1227592956426115,0.12605223059654236,1
2009-10-07,0.0644465713420947,0.10955613851547241,1
2009-10-14,0.0192313619278876,0.10734626650810242,1
2009-10-21,0.1137463090341004,0.119895800948143,1
2009-10-28,0.1967102942460545,0.15484438836574554,1
2009-11-04,0.1461321571888061,0.13080935180187225,1
2009-11-11,0.2677429044690322,0.13001419603824615,1
2009-11-18,0.2740467371165915,0.12505678832530975,1
2009-11-25,0.191788448966879,0.11575290560722351,1
2009-12-02,0.2551986825333263,0.10782506316900253,1
2009-12-09,0.2816233660311589,0.11958320438861847,1
2009-12-16,0.2942949784444262,0.11101049184799194,1
2009-12-23,0.2063599405613883,0.1040869653224945,1
2009-12-30,0.2502546222358326,0.06375760585069656,1
2010-01-06,0.2686307217870309,0.06779999285936356,1
2010-01-13,0.3362259008643322,0.08946145325899124,1
2010-01-20,0.3356869990465103,0.13824081420898438,1
2010-01-27,0.3047588134285357,0.11551368981599808,1
2010-02-03,0.2863334545804874,0.11551059037446976,1
2010-02-10,0.2490370093191929,0.11791535466909409,1
2010-02-17,0.1962463647550145,0.024262823164463043,1
2010-02-24,0.1503779802333702,-0.007736040744930506,1
2010-03-03,0.1074915766667805,0.0675065740942955,1
2010-03-10,0.023334839129911,0.006210956256836653,1
2010-03-17,0.0591669773356602,0.018188606947660446,1
2010-03-24,0.0901920063641399,-0.011797984130680561,1
2010-03-31,0.1282282159745005,0.06807886064052582,1
2010-04-07,0.0610611485756829,-0.04759231209754944,1
2010-04-14,0.042967208210201,-0.020351044833660126,1
2010-04-21,-0.0588554314131952,-0.0178883895277977,1
2010-04-28,-0.0102645986118825,0.05496121197938919,1
2010-05-05,-0.01265022678376,-0.07354893535375595,1
2010-05-12,0.0279459303905591,-0.07352781295776367,1
2010-05-19,0.0744641609375413,-0.06986686587333679,1
2010-05-26,-0.0721466627971785,-0.1563410609960556,1
2010-06-02,-0.1313401466148325,-0.22360718250274658,1
2010-06-09,-0.056657647030323,-0.09700728207826614,1
2010-06-16,-0.0615031889797261,-0.09736428409814835,1
2010-06-23,-0.0349722487486032,-0.08209598064422607,1
2010-06-30,-0.1234301236977568,-0.15448515117168427,1
2010-07-07,-0.1470214797887865,-0.08787661045789719,1
2010-07-14,-0.0877778199654724,-0.11384575814008713,1
2010-07-21,-0.1050668259789073,-0.09942585974931717,1
2010-07-28,-0.1159555974764963,-0.03356241434812546,1
2010-08-04,-0.0540819186152008,-0.017523329704999924,1
2010-08-11,-0.1278688004659742,-0.0301065556704998,1
2010-08-18,-0.1298822657681575,-0.07845397293567657,1
2010-08-25,-0.2251710683013152,-0.14233002066612244,1
2010-09-01,-0.0459264381259232,-0.08433377742767334,1
2010-09-08,0.1634210009572236,-0.020867835730314255,1
2010-09-15,0.2315005364887281,0.033674322068691254,1
2010-09-22,0.2281493268334982,0.035734888166189194,1
2010-09-29,-0.3783461343526491,-0.01554927323013544,1
2010-10-06,0.008954068778161,0.004824234172701836,1
2010-10-13,0.1465250786865111,0.05780695751309395,1
2010-10-20,0.0952145820794778,-0.015390720218420029,1
2010-10-27,0.0195618185965869,0.008390771225094795,1
2010-11-03,0.1860801339373221,0.0904320552945137,1
2010-11-10,0.1013592231920026,0.05489778146147728,1
2010-11-17,0.1993008874239419,0.09957320243120193,1
2010-11-24,0.1553907543906367,0.06483793258666992,1
2010-12-01,0.1569219677672082,0.10297245532274246,1
2010-12-08,0.0570858843748216,0.03715430945158005,1
2010-12-15,-0.071594546861625,-0.059713926166296005,1
2010-12-22,-0.1116857104392421,-0.06611187011003494,1
2010-12-29,-0.0920837923488022,-0.06283046305179596,1
2011-01-05,0.4910105884827893,0.2129957228899002,1
2011-01-12,0.1826816576260777,0.13668128848075867,1
2011-01-19,0.0599818543884556,0.07693488895893097,1
2011-01-26,0.0393677827910194,0.02834414318203926,1
2011-02-02,0.1137025869752217,0.11892319470643997,1
2011-02-09,-0.0139828109192268,0.04965764284133911,1
2011-02-16,-0.0315289476086628,0.08765106648206711,1
2011-02-23,-0.161637107767731,0.048047877848148346,1
2011-03-02,-0.186696668943628,0.030833594501018524,1
2011-03-09,-0.221286540566997,0.06473024189472198,1
2011-03-16,-0.2315014393104868,0.06103488430380821,1
2011-03-23,-0.2843289717840607,0.05613071098923683,1
2011-03-30,-0.4384797875859858,0.0704231932759285,1
2011-04-06,-0.3298993969476731,0.04208119586110115,1
2011-04-13,-0.2616051791288307,0.01821054518222809,1
2011-04-20,-0.482138161913745,-0.019970443099737167,1
2011-04-27,-0.4122686534132982,0.025364339351654053,1
2011-05-04,-0.4707391938246896,-0.2155994027853012,2
2011-05-11,-0.4351056893944585,-0.19540637731552124,2
2011-05-18,-0.4023819213530002,-0.12889686226844788,2
2011-05-25,-0.4813173891460089,-0.12700101733207703,2
2011-06-01,-0.3278092715928982,-0.0657643973827362,2
2011-06-08,-0.317911813801853,-0.07358448207378387,2
2011-06-15,-0.3304299221652504,-0.04271232709288597,2
2011-06-22,-0.2809695982368541,-0.038766708225011826,2
2011-06-29,-0.2826869485896388,-0.10770642757415771,2
2011-07-06,-0.1646627485960414,0.024928458034992218,2
2011-07-13,-0.3133333922305592,0.0005940347909927368,2
2011-07-20,-0.4687713431994704,-0.111058309674263,2
2011-07-27,-0.3680892780334899,0.025086574256420135,2
2011-08-03,-0.2345073099645249,0.053545765578746796,2
2011-08-10,-0.1378505987071925,0.06998738646507263,2
2011-08-17,-0.2186410673458936,0.053472377359867096,2
2011-08-24,-0.0759567432478789,-0.02709588222205639,2
2011-08-31,0.0565261027218215,0.06646664440631866,2
2011-09-07,-0.0580873934227597,0.045490480959415436,2
2011-09-14,0.0993832115493669,0.026044286787509918,2
2011-09-21,0.1041118879095432,0.09852859377861023,2
2011-09-28,0.0339976085414197,0.05585018917918205,2
2011-10-05,0.0477993293100684,0.059999097138643265,2
2011-10-12,0.0915671935254907,0.08669452369213104,2
2011-10-19,0.21600200620894,0.1005961149930954,2
2011-10-26,0.1757317471148991,0.12844009697437286,2
2011-11-02,0.2403718552743874,0.16011536121368408,2
2011-11-09,0.1673287722078131,0.07702222466468811,2
2011-11-16,0.1396884966698635,0.02487988770008087,2
2011-11-23,0.2737717548563956,0.08499227464199066,2
2011-11-30,0.1143672621234346,-0.006246188655495644,2
2011-12-07,0.0988880011522086,-0.02246995083987713,2
2011-12-14,0.1618286034482072,0.03827829658985138,2
2011-12-21,-0.0025211610689046,-0.08019682765007019,2
2011-12-28,-0.0105243614166643,0.014374108985066414,2
2012-01-04,0.1152596263885672,0.04845985770225525,2
2012-01-11,0.157155542892458,0.1148141548037529,2
2012-01-18,0.1364957445885375,0.1646888107061386,2
2012-01-25,0.0482331661943629,0.04496739059686661,2
2012-02-01,0.1408393351890189,0.16774193942546844,2
2012-02-08,0.1418301954392173,0.15470924973487854,2
2012-02-15,0.1556601140761127,0.10345041751861572,2
2012-02-22,0.0557087979384158,0.046538643538951874,2
2012-02-29,-0.0569373727354509,-0.01822792738676071,2
2012-03-07,-0.0969823912483729,-0.03371080383658409,2
2012-03-14,-0.1129247265053066,-0.010907975025475025,2
2012-03-21,-0.0654164114102227,-0.02210543304681778,2
2012-03-28,-0.0964648310114855,-0.00336541049182415,2
2012-04-04,0.0376822745155873,0.011410307139158249,2
2012-04-11,-0.0959486814754795,-0.07398095726966858,2
2012-04-18,-0.1154912761694131,-0.09392370283603668,2
2012-04-25,-0.0912834017669896,0.01082833856344223,2
2012-05-02,-0.0688131608206399,-0.11196139454841614,2
2012-05-09,-0.0402837330916319,-0.09285435080528259,2
2012-05-16,-0.0718716068323073,-0.07628212124109268,2
2012-05-23,-0.1739533071234378,-0.24813854694366455,2
2012-05-30,-0.0542409077665873,-0.1766459345817566,2
2012-06-06,-0.0094477446933569,-0.0950857400894165,2
2012-06-13,0.0081919709145878,-0.03061598166823387,2
2012-06-20,-0.0016168152269058,0.05539212375879288,2
2012-06-27,-0.1603096249761009,0.02595997042953968,2
2012-07-04,-0.1058901766871582,0.10613050311803818,2
2012-07-11,-0.0283218317560236,0.06823761016130447,2
2012-07-18,-0.0189130933064869,0.08339284360408783,2
2012-07-25,-0.0722810427131164,0.10039137303829193,2
2012-08-01,0.0379025638889585,0.14929920434951782,2
2012-08-08,-0.0420742222039951,0.13820549845695496,2
2012-08-15,0.0059612695164994,0.11868143081665039,2
2012-08-22,-0.0034809549749694,0.1350126564502716,2
2012-08-29,0.0160247610726971,0.13661688566207886,2
2012-09-05,0.0469199756442244,0.17975294589996338,2
2012-09-12,0.1059080108809191,0.17180591821670532,2
2012-09-19,0.0866551882058104,0.200025275349617,2
2012-09-26,0.2730118827039871,0.22342266142368317,2
2012-10-03,0.3655962432052244,0.29708048701286316,2
2012-10-10,0.3598487101574021,0.3080359101295471,2
2012-10-17,0.2874879542331765,0.26413923501968384,2
2012-10-24,0.373125992505444,0.2507629990577698,2
2012-10-31,0.3754916827275489,0.2743866443634033,2
2012-11-07,0.2716415314055953,0.253828763961792,2
2012-11-14,0.3722557416888872,0.26889538764953613,2
2012-11-21,0.3082710350294024,0.26452046632766724,2
2012-11-28,0.4055942486778536,0.27957600355148315,2
2012-12-05,0.3842989475350484,0.28916317224502563,2
2012-12-12,0.2595611792403742,0.24020874500274658,2
2012-12-19,0.1679883455919042,0.20469652116298676,2
2012-12-26,0.2754053825747493,0.26982223987579346,2
2013-01-02,0.1916172976674359,0.17980366945266724,2
2013-01-09,0.258096205198143,0.1903141736984253,2
2013-01-16,0.280958968421745,0.21624961495399475,2
2013-01-23,0.2103656973708236,0.16416481137275696,2
2013-01-30,0.1372221903347905,0.11123015731573105,2
2013-02-06,0.2026900393304087,0.24504876136779785,2
2013-02-13,0.2274591817365618,0.23591981828212738,2
2013-02-20,0.1920535469351678,0.1757369339466095,2
2013-02-27,0.1102339921353774,0.17262066900730133,2
2013-03-06,0.0242389721178626,0.04198566451668739,2
2013-03-13,0.0036017533148258,0.0637132078409195,2
2013-03-20,0.1037397697600934,0.07681847363710403,2
2013-03-27,0.2145559783252455,0.09712710976600647,2
2013-04-03,0.2027586609463871,-0.0012593455612659454,2
2013-04-10,0.131527607026979,-0.0364709310233593,2
2013-04-17,0.0958530974570548,-0.06489652395248413,2
2013-04-24,0.0143189513464849,-0.07798698544502258,2
2013-05-01,-0.0411858329210197,-0.22117722034454346,2
2013-05-08,-0.0261263045922199,-0.19642478227615356,2
2013-05-15,0.0562023908225826,-0.1994636505842209,2
2013-05-22,0.0006980803075808,-0.2070482075214386,2
2013-05-29,-0.1426441183529898,-0.21977323293685913,2
2013-06-05,-0.1212110507665285,-0.2022647261619568,2
2013-06-12,-0.2186163806042245,-0.16498719155788422,2
2013-06-19,-0.3251853774422879,-0.13893532752990723,2
2013-06-26,-0.2537156404802227,-0.11644374579191208,2
2013-07-03,-0.2458569969561108,-0.18169894814491272,2
2013-07-10,-0.2803474349054142,-0.16327953338623047,2
2013-07-17,-0.1751708967588858,-0.1736283004283905,2
2013-07-24,-0.1965781502088619,-0.21685421466827393,2
2013-07-31,-0.1094198020498118,-0.20107543468475342,2
2013-08-07,-0.0702757903908901,-0.14688093960285187,2
2013-08-14,-0.1026409056051842,-0.12758833169937134,2
2013-08-21,-0.1238992626738193,-0.16605320572853088,2
2013-08-28,-0.0755942157235414,-0.10638870298862457,2
2013-09-04,0.2037791841324185,0.03396093100309372,2
2013-09-11,0.3254530597634977,0.0548953078687191,2
2013-09-18,0.4298414441886122,0.12758171558380127,2
2013-09-25,0.6298639442170764,0.21298307180404663,2
2013-10-02,0.479289326647724,0.20916205644607544,2
2013-10-09,0.3394550569830219,0.17373856902122498,2
2013-10-16,0.3627656824343348,0.1864682137966156,2
2013-10-23,0.2852228641405192,0.19493737816810608,2
2013-10-30,0.2199672648957888,0.1985243558883667,2
2013-11-06,0.147440352684125,0.18333154916763306,2
2013-11-13,0.2594584375647897,0.21761348843574524,2
2013-11-20,0.2849624623991387,0.25024378299713135,2
2013-11-27,0.1706656140655926,0.23545078933238983,2
2013-12-04,0.0910590363371488,0.26223301887512207,2
2013-12-11,-0.0602218237068252,0.15017354488372803,2
2013-12-18,-0.1410182114218026,0.07995739579200745,2
2013-12-25,-0.1140146348022885,0.14253972470760345,2
2014-01-01,-0.1955501201721112,0.026911579072475433,2
2014-01-08,-0.151726436215752,0.07040277123451233,2
2014-01-15,-0.0229041272049359,0.12300007045269012,2
2014-01-22,-0.0554013537733841,0.13312460482120514,2
2014-01-29,-0.1183321981973306,0.13424450159072876,2
2014-02-05,-0.1407380283482138,0.19414418935775757,2
2014-02-12,-0.143355588260571,0.22585825622081757,2
2014-02-19,-0.2352227236699087,0.16268008947372437,2
2014-02-26,-0.2439883881888329,0.1476750671863556,2
2014-03-05,-0.2266518533878465,0.06589369475841522,2
2014-03-12,-0.1862688699470189,0.10250677913427353,2
2014-03-19,-0.2147919418247386,0.08430898934602737,2
2014-03-26,-0.299221549680067,0.05855247750878334,2
2014-04-02,-0.1788509167223884,-0.0028207525610923767,2
2014-04-09,-0.0666437365470953,0.015661276876926422,2
2014-04-16,-0.0562415859998313,-0.0022658687084913254,2
2014-04-23,-0.1533161293928415,-0.05385469272732735,2
2014-04-30,-0.2574751180470445,-0.00966307707130909,2
2014-05-07,-0.2296251859548053,-0.15462735295295715,2
2014-05-14,-0.2332037514840403,-0.07095319777727127,2
2014-05-21,-0.2007839361269949,-0.02783258445560932,2
2014-05-28,-0.1921534600564451,-0.014142473228275776,2
2014-06-04,-0.1336803684162322,0.011942718178033829,2
2014-06-11,-0.1449117030446363,0.07089584320783615,2
2014-06-18,-0.1436741103209162,0.10625971853733063,2
2014-06-25,-0.0627485164201386,0.08995731174945831,2
2014-07-02,0.0346750067378307,0.15981705486774445,2
2014-07-09,-0.1325940390173809,0.11333778500556946,2
2014-07-16,-0.2303687039357647,0.05544482171535492,2
2014-07-23,-0.1828476334698048,0.0731607973575592,2
2014-07-30,-0.1428201418844445,0.0826120674610138,2
2014-08-06,0.0157266312037718,0.1813667118549347,2
2014-08-13,0.0912667525819665,0.15749594569206238,2
2014-08-20,0.2373455529951207,0.1898258626461029,2
2014-08-27,0.3047421951970892,0.18960140645503998,2
2014-09-03,0.373659373627607,0.23261848092079163,2
2014-09-10,0.3549452008812217,0.2072296142578125,2
2014-09-17,0.2577864947577493,0.231215238571167,2
2014-09-24,0.333144446528538,0.23844791948795319,2
2014-10-01,0.2893373282657223,0.24438568949699402,2
2014-10-08,0.3081000032438381,0.2541172504425049,2
2014-10-15,0.3502521130549194,0.25405681133270264,2
2014-10-22,0.270176154938166,0.2736852169036865,2
2014-10-29,0.0954667274081613,0.26053062081336975,2
2014-11-05,0.1541907736468015,0.2735271751880646,2
2014-11-12,0.1835526628929513,0.26037606596946716,2
2014-11-19,0.0419465232910263,0.24894991517066956,2
2014-11-26,-0.0915971690954031,0.23767900466918945,2
2014-12-03,-0.0900427910081198,0.2175268679857254,2
2014-12-10,-0.0935723735077869,0.18220005929470062,2
2014-12-17,-0.1483865748371213,0.12492384016513824,2
2014-12-24,-0.0710476253373393,0.22962437570095062,2
2014-12-31,-0.0448254313800644,0.20167919993400574,2
2015-01-07,-0.0739345025885223,0.22471016645431519,2
2015-01-14,-0.205613568960862,0.13506364822387695,2
2015-01-21,-0.2361541154639721,0.17072172462940216,2
2015-01-28,-0.1159812067561341,0.20151928067207336,2
2015-02-04,-0.0713623418903948,0.24260227382183075,2
2015-02-11,-0.0656135916421818,0.186309814453125,2
2015-02-18,-0.1546824533042938,0.1034441888332367,2
2015-02-25,-0.080352084899653,0.17327013611793518,2
2015-03-04,0.0363676441708746,0.12308244407176971,2
2015-03-11,0.0309239236080451,0.10395821928977966,2
2015-03-18,-0.0116211434737123,-0.0012664711102843285,2
2015-03-25,-0.0267730592719148,0.01370359119027853,2
2015-04-01,0.0092903894022278,0.038670431822538376,2
2015-04-08,0.0149309563683628,-0.05715498700737953,2
2015-04-15,0.0849248565677047,-0.051121849566698074,2
2015-04-22,0.2147979764037386,0.052831631153821945,2
2015-04-29,0.227758131543041,0.10762344300746918,2
2015-05-06,0.2113343889901031,-0.017098309472203255,2
2015-05-13,0.2542055471051512,0.01189664751291275,2
2015-05-20,0.0293617650320512,-0.07629929482936859,2
2015-05-27,0.0034514835803705,-0.025265611708164215,2
2015-06-03,0.1160831918116067,-0.008060412481427193,2
2015-06-10,0.0425060843804021,-0.023119129240512848,2
2015-06-17,-0.0379839630187697,-0.0709337592124939,2
2015-06-24,-0.0693848512453638,-0.12945055961608887,2
2015-07-01,-0.0188471466466166,-0.04060417413711548,2
2015-07-08,0.0653730046086624,0.004480784758925438,2
2015-07-15,-0.0334879414609119,-0.08028852939605713,2
2015-07-22,-0.0941954767572319,-0.13389712572097778,2
2015-07-29,-0.0827855457765549,-0.1662859171628952,2
2015-08-05,-0.0734084507002208,-0.10557017475366592,2
2015-08-12,-0.1268272516772262,-0.13562293350696564,2
2015-08-19,-0.0521857531705705,-0.1334896832704544,2
2015-08-26,0.1968082832446405,0.015423361212015152,2
2015-09-02,0.2923095679838288,0.119731105864048,2
2015-09-09,0.1790130013671893,0.06710304319858551,2
2015-09-16,0.2408630006008869,0.10838927328586578,2
2015-09-23,0.3171647151956462,0.1338159292936325,2
2015-09-30,0.3826202716878013,0.13504479825496674,2
2015-10-07,0.4081673559947023,0.1656983196735382,2
2015-10-14,0.4328380694199034,0.14563578367233276,2
2015-10-21,0.2579949476984908,0.12742437422275543,2
2015-10-28,0.1735000820070089,0.12864653766155243,2
2015-11-04,0.214165081935731,0.13039615750312805,2
2015-11-11,0.2747042407030671,0.11783988028764725,2
2015-11-18,0.3734722989660572,0.11915647983551025,2
2015-11-25,0.3277345401930072,0.08612288534641266,2
2015-12-02,0.2232664693894674,0.00820368155837059,2
2015-12-09,0.1397447367420343,-0.005805790424346924,2
2015-12-16,0.1990177574887397,-0.01196182519197464,2
2015-12-23,0.2665092403546718,0.01425396278500557,2
2015-12-30,0.1987088748676488,-0.048583969473838806,2
2016-01-06,0.0890439570325956,-0.1653222292661667,2
2016-01-13,-0.031699732979308,-0.13448721170425415,2
2016-01-20,-0.0890709051625924,-0.191279798746109,2
2016-01-27,0.078581533410889,0.03603299707174301,2
2016-02-03,0.2244202962004782,0.08357632160186768,2
2016-02-10,0.2437355701278236,0.03692527115345001,2
2016-02-17,0.2389826153439562,0.0007227463647723198,2
2016-02-24,0.0043587663309549,-0.05490509420633316,2
2016-03-02,-0.0034702174790073,-0.21508808434009552,2
2016-03-09,0.1378648281291274,-0.1974249929189682,2
2016-03-16,0.2632109597607046,-0.1351519674062729,2
2016-03-23,0.169090873277331,-0.1147393211722374,3
2016-03-30,0.0302278983033712,-0.19299964606761932,3
2016-04-06,0.1734708225726287,-0.1723337173461914,3
2016-04-13,0.2208435247444189,-0.12922802567481995,3
2016-04-20,0.175216524284024,-0.04476366192102432,3
2016-04-27,0.0358617517323196,-0.0622214749455452,3
2016-05-04,0.0225037410210031,-0.08569924533367157,3
2016-05-11,-0.0057789312977929,-0.1368940770626068,3
2016-05-18,-0.1193362232773997,-0.21220345795154572,3
2016-05-25,-0.2036911253873947,-0.2323218733072281,3
2016-06-01,-0.0395821033046486,-0.12830057740211487,3
2016-06-08,-0.0836911362645063,-0.12612777948379517,3
2016-06-15,-0.2859702318055044,-0.2324880063533783,3
2016-06-22,-0.3452917603705807,-0.29221516847610474,3
2016-06-29,-0.26644830433922,-0.25282812118530273,3
2016-07-06,-0.1310685393970274,-0.16719359159469604,3
2016-07-13,-0.2190561579079615,-0.2670861780643463,3
2016-07-20,-0.1866548413530671,-0.2732844352722168,3
2016-07-27,-0.0381225437145529,-0.16063813865184784,3
2016-08-03,0.0503957723935943,-0.030813980847597122,3
2016-08-10,0.0501885566503803,-0.02100110799074173,3
2016-08-17,0.1017773526721423,-0.032726846635341644,3
2016-08-24,0.0888076165969229,-0.006152051966637373,3
2016-08-31,0.1475741858315018,0.015023360960185528,3
2016-09-07,0.1893740168009516,0.10372331738471985,3
2016-09-14,0.2986903726370311,0.1417272686958313,3
2016-09-21,0.4110241874906375,0.1803315132856369,3
2016-09-28,0.385849239613536,0.18662285804748535,3
2016-10-05,0.3626623936132809,0.1853514313697815,3
2016-10-12,0.2179480511527352,0.12347927689552307,3
2016-10-19,0.1619575071075791,0.11621908843517303,3
2016-10-26,0.09354257697046,0.10820531845092773,3
2016-11-02,0.0012135923819585,0.05871712416410446,3
2016-11-09,0.0213696580328743,0.09467829763889313,3
2016-11-16,0.043622592606737,0.13805003464221954,3
2016-11-23,-0.0548735422047386,0.0939200147986412,3
2016-11-30,-0.0915080401788728,0.1172710731625557,3
2016-12-07,-0.1267762091370201,0.08429116755723953,3
2016-12-14,-0.0938423635646232,0.055500201880931854,3
2016-12-21,-0.1544622548414631,-0.03322652727365494,3
2016-12-28,-0.2219788021544664,-0.0794333890080452,3
2017-01-04,-0.2261639812394529,-0.09619976580142975,3
2017-01-11,-0.20514241236428,-0.09458504617214203,3
2017-01-18,-0.1461385531680301,-0.03254096955060959,3
2017-01-25,-0.166870743078948,-0.0046706125140190125,3
2017-02-01,-0.0664686799910443,-0.005037752911448479,3
2017-02-08,0.0930196706136516,0.04464208334684372,3
2017-02-15,0.1348137017218489,0.03928530216217041,3
2017-02-22,0.138564329383918,0.024140652269124985,3
2017-03-01,0.0623240311468569,-0.011028924956917763,3
2017-03-08,0.1938875593981075,0.01985354721546173,3
2017-03-15,0.1657469898579426,0.026449277997016907,3
2017-03-22,0.116903883805409,-0.05476928874850273,3
2017-03-29,0.0971781753661877,-0.04957438260316849,3
2017-04-05,0.0292976081247164,-0.033687978982925415,3
2017-04-12,0.0165788908203463,-0.010157437063753605,3
2017-04-19,0.0023082259998288,-0.0248888973146677,3
2017-04-26,-0.077400698210698,-0.04419022053480148,3
2017-05-03,-0.0700829383614793,-0.09536729753017426,3
2017-05-10,-0.1606493414970753,-0.12871094048023224,3
2017-05-17,-0.3104563714652459,-0.20472775399684906,3
2017-05-24,-0.3180856103707734,-0.2227814793586731,3
2017-05-31,-0.3570404726608549,-0.21034350991249084,3
2017-06-07,-0.2391935787850321,-0.13569346070289612,3
2017-06-14,-0.343653746535399,-0.1964743733406067,3
2017-06-21,-0.2801053646329614,-0.15352670848369598,3
2017-06-28,-0.2596519315348553,-0.17973509430885315,3
2017-07-05,-0.2473635271348024,-0.12218227237462997,3
2017-07-12,-0.2288503018982264,-0.05839252471923828,3
2017-07-19,-0.1860239864257562,-0.05507657304406166,3
2017-07-26,-0.2573048439395125,-0.05639274790883064,3
2017-08-02,-0.2912063051743105,0.040004197508096695,3
2017-08-09,-0.220038289019318,0.06260062754154205,3
2017-08-16,-0.0829986139133049,0.07210548222064972,3
2017-08-23,-0.1455825045786336,0.10731203854084015,3
2017-08-30,-0.1817328453191549,0.09395013749599457,3
2017-09-06,-0.0149270969748882,0.190873920917511,3
2017-09-13,-0.0443403395704402,0.18311715126037598,3
2017-09-20,0.0007849293966586,0.19759345054626465,3
2017-09-27,0.0410681180755214,0.18690767884254456,3
2017-10-04,0.0275321033902011,0.17169690132141113,3
2017-10-11,-0.0112892677490341,0.15921629965305328,3
2017-10-18,0.0212814415794184,0.18987882137298584,3
2017-10-25,0.0426460560491386,0.17502394318580627,3
2017-11-01,0.0652216873287847,0.14437150955200195,3
2017-11-08,0.1394165125995159,0.1802181899547577,3
2017-11-15,0.1498030451724719,0.17045196890830994,3
2017-11-22,0.1661405465551944,0.12167355418205261,3
2017-11-29,0.376870676515276,0.16776502132415771,3
2017-12-06,0.4494337688358949,0.16094708442687988,3
2017-12-13,0.3110399532203938,0.0896105021238327,3
2017-12-20,0.2700828113478493,0.08347515761852264,3
2017-12-27,0.4119823365982564,0.05795852839946747,3
2018-01-03,0.3298320884155554,0.010297889821231365,3
2018-01-10,0.2170904796011328,-0.009506331756711006,3
2018-01-17,0.2335995913446327,0.01168140210211277,3
2018-01-24,0.2552963792753195,0.02730514667928219,3
2018-01-31,0.3053721372017746,-0.002293600933626294,3
2018-02-07,0.4015460959074288,0.009426025673747063,3
2018-02-14,0.4291116546697675,0.04386074095964432,3
2018-02-21,0.3586838935688226,0.025766348466277122,3
2018-02-28,0.0749531290500886,-0.03759422525763512,3
2018-03-07,-0.0936667940605948,-0.11008858680725098,3
2018-03-14,-0.085042041706937,-0.15163609385490417,3
2018-03-21,-0.139025236133838,-0.1250556856393814,3
2018-03-28,-0.1685735817419953,-0.09114639461040497,3
2018-04-04,-0.3084673832807816,-0.252217561006546,3
2018-04-11,-0.3465828988403707,-0.20756760239601135,3
2018-04-18,-0.2617358905071962,-0.11713095009326935,3
2018-04-25,-0.2483572840073664,-0.09977429360151291,3
2018-05-02,-0.2298657744943391,-0.16741180419921875,3
2018-05-09,-0.3144499046958353,-0.24984148144721985,3
2018-05-16,-0.4576642174957199,-0.3065941333770752,3
2018-05-23,-0.4708537780729753,-0.2848689556121826,3
2018-05-30,-0.3423644017402214,-0.2809232175350189,3
2018-06-06,-0.0599854399474377,-0.1115737035870552,3
2018-06-13,-0.0011500863832374,-0.04762517660856247,3
2018-06-20,-0.1198931862600156,-0.09914667159318924,3
2018-06-27,-0.0538845194756358,-0.0422186553478241,3
2018-07-04,-0.0214210332703581,0.04382171481847763,3
2018-07-11,0.0061712264971118,0.039006978273391724,3
2018-07-18,0.0692430904298309,0.07015812397003174,3
2018-07-25,0.0515438197963127,0.06664101779460907,3
2018-08-01,0.07997122855613,0.09012182056903839,3
2018-08-08,0.0215763968050213,0.08175235241651535,3
2018-08-15,-0.0215696444184794,0.08474507182836533,3
2018-08-22,-0.0021694121514945,0.13077804446220398,3
2018-08-29,0.0781166224998606,0.14015990495681763,3
2018-09-05,0.0353393664453092,0.18322548270225525,3
2018-09-12,-0.083069114361761,0.10592840611934662,3
2018-09-19,-0.0687228344432728,0.13342908024787903,3
2018-09-26,0.1304155860532274,0.15796615183353424,3
2018-10-03,0.1297059662936615,0.18101756274700165,3
2018-10-10,0.1155161953074532,0.19627226889133453,3
2018-10-17,0.0717195660957088,0.19320422410964966,3
2018-10-24,0.0362863298817197,0.18953455984592438,3
2018-10-31,-0.0111673588098248,0.1940079927444458,3
2018-11-07,-0.0501291971758108,0.1562206745147705,3
2018-11-14,-0.00611732746097,0.17961883544921875,3
2018-11-21,0.0750127328530312,0.18538028001785278,3
2018-11-28,0.2595506813787538,0.2042868435382843,3
2018-12-05,0.3124965611214145,0.18457765877246857,3
2018-12-12,0.2274398644850146,0.14374735951423645,3
2018-12-19,0.1492038050321547,0.13921979069709778,3
2018-12-26,0.1313278749200934,0.14775656163692474,3
2019-01-02,0.030477411202515,-0.009931844659149647,3
2019-01-09,0.0319535172767686,0.01015649177134037,3
2019-01-16,0.1803203121094911,0.06086815893650055,3
2019-01-23,0.1141405751565427,0.0653163343667984,3
2019-01-30,0.0289634093835964,0.07794709503650665,3
2019-02-06,0.0632007282959108,0.10642648488283157,3
2019-02-13,0.1349508392787495,0.11108891665935516,3
2019-02-20,0.0619295441041218,0.10323163866996765,3
2019-02-27,-0.0300101488964008,0.07378082722425461,3
2019-03-06,-0.0750925472250534,-0.02818252518773079,3
2019-03-13,-0.0196915975766591,-0.11804097890853882,3
2019-03-20,-0.14499619527394,-0.10155284404754639,3
2019-03-27,-0.1626596655475465,-0.04190687835216522,3
2019-04-03,-0.0755105802834421,-0.04795471206307411,3
2019-04-10,-0.0746740761281712,-0.08616562187671661,3
2019-04-17,-0.1723025221833216,-0.09201529622077942,3
2019-04-24,-0.3351736756769141,-0.17240750789642334,3
2019-05-01,-0.3123600887393958,-0.15270817279815674,3
2019-05-08,-0.1543968134790736,-0.08456969261169434,3
2019-05-15,-0.1691555976116499,-0.07473932951688766,3
2019-05-22,-0.3071506341986727,-0.10289710760116577,3
2019-05-29,-0.1630679001915367,-0.05549194663763046,3
2019-06-05,-0.1762470456548919,-0.021669510751962662,3
2019-06-12,-0.3277108611482502,-0.07210781425237656,3
2019-06-19,-0.5328403354703584,-0.25094422698020935,3
2019-06-26,-0.3664288797815294,-0.1022818461060524,3
2019-07-03,-0.284637217072055,0.01668381504714489,3
2019-07-10,-0.2241848926558378,-0.006885053589940071,3
2019-07-17,-0.1918483211091408,-0.03410600125789642,3
2019-07-24,-0.0910218959825126,0.01171712763607502,3
2019-07-31,-0.0852923955782753,0.05098975822329521,3
2019-08-07,0.0175980814382534,0.08582054078578949,3
2019-08-14,0.0877450410363192,0.07457417249679565,3
2019-08-21,0.1952512154731938,0.07672691345214844,3
2019-08-28,0.2898224842278512,0.11735396087169647,3
2019-09-04,0.2167332729532902,0.17235136032104492,3
2019-09-11,0.388751627134424,0.19756931066513062,3
2019-09-18,0.5352681342300238,0.2192840874195099,3
2019-09-25,0.606563519573414,0.2167232185602188,3
2019-10-02,0.5968678966395338,0.22818689048290253,3
2019-10-09,0.6235444077661936,0.23484233021736145,3
2019-10-16,0.4988348713467299,0.21654561161994934,3
2019-10-23,0.4009730258576574,0.18968839943408966,3
2019-10-30,0.2997131542658833,0.18539756536483765,3
2019-11-06,0.2971690798387163,0.1712588369846344,3
2019-11-13,0.2050266838236556,0.16276070475578308,3
2019-11-20,0.177868772309961,0.13527125120162964,3
2019-11-27,0.198385726294326,0.09128287434577942,3
2019-12-04,0.0839330925079169,0.0805635079741478,3
2019-12-11,0.088564297058598,0.08035504817962646,3
2019-12-18,-0.1511780545381347,0.0018742436077445745,3
2019-12-25,-0.28910606699643,-0.04829619824886322,3
2020-01-01,-0.3709800192186341,-0.0907062292098999,3
2020-01-08,-0.3739088641929018,-0.13402718305587769,3
2020-01-15,-0.4018987035771846,-0.12958529591560364,3
2020-01-22,-0.3937035963822146,-0.12704810500144958,3
2020-01-29,-0.4308027061202595,-0.11844595521688461,3
2020-02-05,-0.3451085109516025,-0.07071896642446518,3
2020-02-12,-0.136269350067657,-0.035183630883693695,3
2020-02-19,0.0739939171562786,0.0019282617140561342,3
2020-02-26,-0.0251220941173375,-0.06393219530582428,3
2020-03-04,-0.0569382430494327,-0.1669771820306778,3
2020-03-11,0.0737392813705017,-0.09254705905914307,3
2020-03-18,-0.0909787851531156,-0.11425148695707321,3
2020-03-25,-0.0264871171934233,-0.03618469089269638,3
2020-04-01,0.0613159312468223,-0.029807573184370995,3
2020-04-08,0.0204257722303333,-0.02286967635154724,3
2020-04-15,-0.10969624282678,-0.046609438955783844,3
2020-04-22,-0.1462189441272392,-0.02641601860523224,3
2020-04-29,-0.1679070941321128,-0.03840237110853195,3
2020-05-06,-0.1139067268708244,-0.05698730796575546,3
2020-05-13,-0.0213357681806494,-0.030902788043022156,3
2020-05-20,-0.1469821903486461,-0.12950816750526428,3
2020-05-27,-0.3717860011002893,-0.28033679723739624,3
2020-06-03,-0.3575570343348868,-0.2785769999027252,3
2020-06-10,-0.3975710721895318,-0.3102867007255554,3
2020-06-17,-0.4667491035435738,-0.3369572162628174,3
2020-06-24,-0.2338778315994627,-0.20754122734069824,3
2020-07-01,-0.2074805547940568,-0.030096281319856644,3
2020-07-08,-0.2984055842454518,-0.05696825683116913,3
2020-07-15,-0.1538774931024336,-0.007305028848350048,3
2020-07-22,-0.0823793179043992,0.05600912496447563,3
2020-07-29,-0.0857700586685705,0.0948256105184555,3
2020-08-05,-0.0516787341148057,0.11449351161718369,3
2020-08-12,-0.050721502387562,0.11644403636455536,3
2020-08-19,-0.0592264417878669,0.09279200434684753,3
2020-08-26,-0.1298216735544204,0.08865395188331604,3
2020-09-02,-0.113758885356658,0.18630938231945038,3
2020-09-09,-0.1037833413399269,0.1937941312789917,3
2020-09-16,-0.0861692716767072,0.19747239351272583,3
2020-09-23,0.0243835578159461,0.20362333953380585,3
2020-09-30,0.0562190374940834,0.18941183388233185,3
2020-10-07,-0.0157920482055322,0.22498084604740143,3
2020-10-14,-0.0161605884186331,0.22291447222232819,3
2020-10-21,0.011826959399718,0.21488437056541443,3
2020-10-28,0.022989518224699,0.21617358922958374,3
2020-11-04,0.0660585137564702,0.20154912769794464,3
2020-11-11,0.1474527311431308,0.19127675890922546,3
2020-11-18,0.1448414340157828,0.19342058897018433,3
2020-11-25,0.1861639510526722,0.1755167543888092,3
2020-12-02,0.4018328153862871,0.1804174780845642,3
2020-12-09,0.4172825563971849,0.1873670220375061,3
2020-12-16,0.3763932932861875,0.19215407967567444,3
2020-12-23,0.391905578322532,0.180457204580307,3
2020-12-30,0.3955389367016608,0.14307403564453125,3
2021-01-06,0.2599180974273323,0.07161909341812134,3
2021-01-13,0.2643973734267004,0.1056496724486351,3
2021-01-20,0.3239042428542902,0.1361851543188095,3
2021-01-27,0.3185873278284377,0.07950663566589355,3
2021-02-03,0.3636653144082431,0.09468372166156769,3
2021-02-10,0.4989437671380567,0.13648442924022675,4
2021-02-17,0.3455039086515601,0.09825702756643295,4
2021-02-24,0.2379705109750425,0.12402666360139847,4
2021-03-03,0.0402429557084769,0.06929304450750351,4
2021-03-10,-0.1239766890220446,-0.03656111657619476,4
2021-03-17,-0.0022250485975812,-0.01763654500246048,4
2021-03-24,-0.0004917629801584,0.022937923669815063,4
2021-03-31,-0.1158263722077466,0.0003269241424277425,4
2021-04-07,-0.162341638753154,-0.09750694036483765,4
2021-04-14,-0.0086464462350237,-0.0797259658575058,4
2021-04-21,0.0971698641940337,-0.028437087312340736,4
2021-04-28,-0.0521235144435392,0.0006817304529249668,4
2021-05-05,-0.1620699957079683,-0.1149144396185875,4
2021-05-12,-0.1433228853737453,-0.12430894374847412,4
2021-05-19,-0.3272215757811443,-0.18321822583675385,4
2021-05-26,-0.2846895515153265,-0.13886091113090515,4
2021-06-02,-0.1868185265309003,-0.13860349357128143,4
2021-06-09,-0.1370375942296151,-0.0916178748011589,4
2021-06-16,-0.1359130922774771,-0.07834683358669281,4
2021-06-23,-0.2289279496107772,-0.13609765470027924,4
2021-06-30,-0.1841924647297665,-0.12091437727212906,4
2021-07-07,-0.0774767637166933,-0.108464814722538,4
2021-07-14,-0.0411878670599739,-0.11044779419898987,4
2021-07-21,-0.1462961952234911,-0.1747039556503296,4
2021-07-28,-0.1731340443691191,-0.17250633239746094,4
2021-08-04,-0.0564695138420074,-0.022261198610067368,4
2021-08-11,-0.0324786803291865,-0.015284359455108643,4
2021-08-18,0.0154826090024924,-0.030423741787672043,4
2021-08-25,0.1511656029838048,0.008643181063234806,4
2021-09-01,0.1368459465374232,0.11426082998514175,4
2021-09-08,0.224906476693186,0.11251185834407806,4
2021-09-15,0.398933928610691,0.11662258207798004,4
2021-09-22,0.3369024366708673,0.11937986314296722,4
2021-09-29,0.2588651433839555,0.1181444376707077,4
2021-10-06,0.2611656510740032,0.15808482468128204,4
2021-10-13,0.2980739648750274,0.15195727348327637,4
2021-10-20,0.2307150961791944,0.11932972073554993,4
2021-10-27,0.2046018271856198,0.10797466337680817,4
2021-11-03,0.270023057254023,0.13128797709941864,4
2021-11-10,0.3983476403393005,0.14471277594566345,4
2021-11-17,0.5403556162813694,0.14325232803821564,4
2021-11-24,0.4542580123076547,0.11516010761260986,4
2021-12-01,0.3116165971067266,0.13507623970508575,4
2021-12-08,0.3168279592716549,0.15844620764255524,4
2021-12-15,0.2092940679071002,0.10996659845113754,4
2021-12-22,0.14258363761172,0.0008372555021196604,4
2021-12-29,0.2371807676966222,0.0639670193195343,4
2022-01-05,0.4572215441481466,0.0980411097407341,4
2022-01-12,0.5050399803433514,0.10722824931144714,4
2022-01-19,0.4685356621162313,0.05191154032945633,4
2022-01-26,0.5570382866832819,0.059598639607429504,4
2022-02-02,0.5443259650240329,0.02093815803527832,4
2022-02-09,0.3499613113861155,-0.008135759271681309,4
2022-02-16,0.2069636707099054,-0.07599887251853943,4
2022-02-23,0.1020057156930418,-0.14104613661766052,4
2022-03-02,0.1003391616505569,-0.1208382248878479,4
2022-03-09,0.222979353478907,-0.0717901885509491,4
2022-03-16,0.2494780774106626,-0.05993039533495903,4
2022-03-23,0.2635390665338688,-0.02304711751639843,4
2022-03-30,0.1282414514992247,-0.04355025291442871,4
2022-04-06,0.0776561340595121,-0.09763580560684204,4
2022-04-13,-0.1049261579574372,-0.1657208800315857,4
2022-04-20,-0.3204942908021824,-0.1662314236164093,4
2022-04-27,-0.4758267768612301,-0.16644778847694397,4
2022-05-04,-0.5417898625948316,-0.20435631275177002,4
2022-05-11,-0.5303004896695285,-0.19937367737293243,4
2022-05-18,-0.4583031317938113,-0.17351338267326355,4
2022-05-25,-0.5040479840779577,-0.133639395236969,4
2022-06-01,-0.5799927264581921,-0.21760357916355133,4
2022-06-08,-0.5064072573061136,-0.19511067867279053,4
2022-06-15,-0.5336354894905089,-0.1972518265247345,4
2022-06-22,-0.5254575699777089,-0.18787595629692078,4
2022-06-29,-0.5029971128723627,-0.16857664287090302,4
2022-07-06,-0.3619051272297229,-0.1749969720840454,4
2022-07-13,-0.2851737099325753,-0.1620798259973526,4
2022-07-20,-0.2614310337941363,-0.1397283375263214,4
2022-07-27,-0.1238764174923225,-0.07393133640289307,4
2022-08-03,-0.0472574244139751,0.026662860065698624,4
2022-08-10,-0.0918631081157679,0.0005272866692394018,4
2022-08-17,-0.0155803558713154,0.004311170428991318,4
2022-08-24,0.1990297345114537,0.043785419315099716,4
2022-08-31,0.3210191779491422,0.05352213978767395,4
2022-09-07,0.3191979613892188,0.16322793066501617,4
2022-09-14,0.2495399023178794,0.15257108211517334,4
2022-09-21,0.1925358792009257,0.1497512012720108,4
2022-09-28,0.3190311316773329,0.1366109549999237,4
2022-10-05,0.3422061328188155,0.16726642847061157,4
2022-10-12,0.3497962055448935,0.15703491866588593,4
2022-10-19,0.2233383827160819,0.15003091096878052,4
2022-10-26,0.1981293980334779,0.15151169896125793,4
2022-11-02,0.2616276242828945,0.18649859726428986,4
2022-11-09,0.2958004015468614,0.18909120559692383,4
2022-11-16,0.4134260964545806,0.18745045363903046,4
2022-11-23,0.5025013573366772,0.17267470061779022,4
2022-11-30,0.4318195168798615,0.09704351425170898,4
2022-12-07,0.4121939849587139,0.13556499779224396,4
2022-12-14,0.4856149588128797,0.15594428777694702,4
2022-12-21,0.4273548475379005,0.18555808067321777,4
2022-12-28,0.391153514448626,0.19917342066764832,4
2023-01-04,0.2629324563895938,0.10755452513694763,4
2023-01-11,0.3026756077583323,0.09176810830831528,4
2023-01-18,0.2466922959444648,0.03635073080658913,4
2023-01-25,0.2457079338939918,0.08525876700878143,4
2023-02-01,0.269915885123658,0.08655985444784164,4
2023-02-08,0.157695392355146,0.06586742401123047,4
2023-02-15,0.1989030371485363,0.06750695407390594,4
2023-02-22,0.1022137385050792,0.015215596184134483,4
2023-03-01,0.001112014143076,-0.09955719113349915,4
2023-03-08,-0.0912214454773732,-0.12132778018712997,4
2023-03-15,-0.2766331188461812,-0.09509986639022827,4
2023-03-22,-0.3956953165123593,-0.1108405590057373,4
2023-03-29,-0.2680903749249665,-0.07458528131246567,4
2023-04-05,-0.1524265927202472,-0.07759818434715271,4
2023-04-12,-0.1326822433069985,-0.06182779371738434,4
2023-04-19,-0.3145167385004166,-0.10218207538127899,4
2023-04-26,-0.4237828751412467,-0.10360638797283173,4
2023-05-03,-0.3629762406411565,-0.06338145583868027,4
2023-05-10,-0.4197386779913241,-0.06746334582567215,4
2023-05-17,-0.3780382059589549,-0.026153186336159706,4
2023-05-24,-0.4460397420766684,-0.0556698776781559,4
2023-05-31,-0.4528087728121805,-0.04914052039384842,4
2023-06-07,-0.4815083863677261,-0.171816885471344,4
2023-06-14,-0.4152316777937903,-0.1696169674396515,4
2023-06-21,-0.2307982771879739,-0.1439412534236908,4
2023-06-28,-0.0749630384734558,-0.06569836288690567,4
2023-07-05,-0.1139103387498003,-0.13429637253284454,4
2023-07-12,-0.1641100197300167,-0.15588003396987915,4
2023-07-19,-0.1540831168247329,-0.1684848517179489,4
2023-07-26,-0.0909069557382373,-0.10720233619213104,4
2023-08-02,-0.0369064102270355,-0.0022455600555986166,4
2023-08-09,-0.0229167463891135,0.006289966404438019,4
2023-08-16,0.0343358699930549,0.04295684024691582,4
2023-08-23,0.0814548842405678,0.052015066146850586,4
2023-08-30,0.1642178789449815,0.06132735684514046,4
2023-09-06,0.175429143108559,0.11749408394098282,4
2023-09-13,0.1604758863853455,0.10830984264612198,4
2023-09-20,0.1485907429599615,0.0916549563407898,4
2023-09-27,0.2983638791097398,0.09130247682332993,4
2023-10-04,0.3941740585338991,0.09333906322717667,4
2023-10-11,0.2609310591229725,0.09385750442743301,4
2023-10-18,0.1999466348990575,0.11527878791093826,4
2023-10-25,0.2067892163206988,0.10336112231016159,4
2023-11-01,0.3036735395419958,0.1947913020849228,4
2023-11-08,0.3431179891521854,0.20550909638404846,4
2023-11-15,0.3462856079254228,0.20895236730575562,4
2023-11-22,0.4264896681007908,0.21310947835445404,4
2023-11-29,0.4125589737750061,0.2070527821779251,4
2023-12-06,0.3122990625380231,0.21060441434383392,4
2023-12-13,0.257737277721155,0.2085026502609253,4
2023-12-20,0.2623189345792216,0.206236332654953,4
2023-12-27,0.3740227320010527,0.19697637856006622,4
2024-01-03,0.2904006071067897,0.09443141520023346,4
2024-01-10,0.1517325608108395,0.03857375681400299,4
2024-01-17,0.2062052835688597,0.08959989994764328,4
2024-01-24,0.176689438919058,0.11510242521762848,4
2024-01-31,0.2037861666768634,0.10630775988101959,4
2024-02-07,0.1715654604697265,0.07119052112102509,4
2024-02-14,0.1693686584416873,0.06812846660614014,4
2024-02-21,0.0967996529626482,0.07076988369226456,4
2024-02-28,-0.1585388247411483,0.04623980075120926,4
2024-03-06,-0.3013266874068625,0.03157474473118782,4
2024-03-13,-0.3635547008883648,0.0313170850276947,4
2024-03-20,-0.2973716236457537,0.048602283000946045,4
2024-03-27,-0.3918680322083441,0.04460994154214859,4
2024-04-03,-0.515146773604477,-0.03880693018436432,4
2024-04-10,-0.5860999496014312,-0.050000935792922974,4
2024-04-17,-0.5737353820419333,-0.050995782017707825,4
2024-04-24,-0.503304395117885,-0.04774424061179161,4
2024-05-01,-0.4499340624097758,-0.023264534771442413,4
2024-05-08,-0.5373398704762691,-0.04865577816963196,4
2024-05-15,-0.5723647168306512,-0.0533720999956131,4
2024-05-22,-0.6009405898072586,-0.04699267819523811,4
2024-05-29,-0.5375761043089939,-0.04210914671421051,4
2024-06-05,-0.349184272209575,-0.1757829785346985,4
2024-06-12,-0.2013619238023851,-0.14967754483222961,4
2024-06-19,-0.0976223776727804,-0.08310168981552124,4
2024-06-26,-0.1429011374933395,-0.0947030782699585,4
2024-07-03,-0.0874261274743686,-0.02034672722220421,4
2024-07-10,-0.055581237283091,-0.03085351176559925,4
2024-07-17,0.0031881004686455,-0.019877681508660316,4
2024-07-24,-0.0355128702065297,-0.028356321156024933,4
2024-07-31,-0.0661484863202996,-0.0351385772228241,4
2024-08-07,-0.0306480996733551,0.057796284556388855,4
2024-08-14,0.0339104989805294,0.06273739784955978,4
2024-08-21,0.1528197992926152,0.04770776629447937,4
2024-08-28,0.2002514961267314,0.04998140037059784,4
2024-09-04,0.1823450174797116,0.08235559612512589,4
2024-09-11,0.2237629032666674,0.07746942341327667,4
2024-09-18,0.2074491931910351,0.06922503560781479,4
2024-09-25,0.4855716856574954,0.07144381105899811,4
2024-10-02,0.6240626122227164,0.12907102704048157,4
2024-10-09,0.5164030133536404,0.09193365275859833,4
2024-10-16,0.3265530004357631,0.15348173677921295,4
2024-10-23,0.2028867094723843,0.1275956630706787,4
2024-10-30,0.1793488634319562,0.10390277206897736,4
2024-11-06,0.1700347128013035,0.1767570972442627,4
2024-11-13,0.1859843160947152,0.1749451905488968,4
2024-11-20,0.154743579866861,0.15550637245178223,4
2024-11-27,0.049964562425373,0.09725423157215118,4
2024-12-04,-0.0503007384747986,0.09029152989387512,4
2024-12-11,-0.0208612519577169,0.11260084807872772,4
2024-12-18,-0.0334241941316442,0.09588342905044556,4
2024-12-25,-0.1171931894206173,0.09306246787309647,4
2025-01-01,-0.4807397579848338,-0.11732078343629837,4
2025-01-08,-0.5101381022538627,-0.10141304135322571,4
2025-01-15,-0.1826535766133448,-0.012852468527853489,4
2025-01-22,-0.1331985826197863,0.07230235636234283,4
2025-01-29,-0.2871047885564017,0.10561063140630722,4
2025-02-05,-0.2525371261490106,0.0792851522564888,4
2025-02-12,-0.1576289442035827,0.0715319812297821,4
2025-02-19,-0.2106123751829516,0.05947108566761017,4
2025-02-26,-0.3302900079545248,0.047845929861068726,4
2025-03-05,-0.2485874800535565,0.057724758982658386,4
2025-03-12,-0.0529655355799123,0.06798266619443893,4
2025-03-19,-0.1726665559920537,0.05933896079659462,4
2025-03-26,-0.2776829542991281,0.03678959235548973,4
2025-04-02,-0.1830799944488168,0.053415630012750626,4
2025-04-09,-0.1331183117236403,0.11382971704006195,4
2025-04-16,-0.2329920673175936,0.0862666592001915,4
2025-04-23,-0.5018822342441975,-0.053904999047517776,4
2025-04-30,-0.4862459353471582,-0.02758457139134407,4
2025-05-07,-0.2130589497081523,0.058326371014118195,4
2025-05-14,-0.1719932672951545,0.016415169462561607,4
2025-05-21,-0.2319939111044098,-0.03954195976257324,4
2025-05-28,-0.1727560856476229,-0.033551618456840515,4
2025-06-04,0.0215687137542213,-0.12561477720737457,4
2025-06-11,0.030072146775856,-0.15062299370765686,4
2025-06-18,-0.0543208352711284,-0.21339051425457,4
2025-06-25,0.1081040796028913,-0.15482927858829498,4
2025-07-02,0.1400024201254464,-0.07591137290000916,4
2025-07-09,0.0825375502420451,-0.0813903659582138,4
2025-07-16,0.126069702622388,-0.07119321078062057,4
2025-07-23,0.1998670307078125,-0.08492256700992584,4
2025-07-30,0.3055366240034978,-0.04568491876125336,4
2025-08-06,0.361275675024669,0.04218106344342232,4
2025-08-13,0.3392230597816841,0.012854501605033875,4
2025-08-20,0.3534087461521107,-0.021853838115930557,4
2025-08-27,0.3134170234350417,-0.012168534100055695,4
2025-09-03,0.3745278728204511,0.047802042216062546,4
2025-09-10,0.390830700589726,0.04209572449326515,4
2025-09-17,0.1939596440202571,-0.012203673832118511,4
2025-09-24,0.3004515995178929,-0.029934681951999664,4
2025-10-01,0.2069923559731279,-0.035142652690410614,4
2025-10-08,0.1910552367627085,0.000528976321220398,4
2025-10-15,0.1271009530146072,0.04499652236700058,4
2025-10-22,0.0999645689854391,0.047016043215990067,4
2025-10-29,0.023662050393348,0.007266819942742586,4
2025-11-05,0.1600401068186405,0.0660325139760971,4
2025-11-12,0.1910267260212856,0.07645617425441742,4
2025-11-19,0.0487719957298278,0.05795447528362274,4
2025-11-26,-0.0590826933558474,0.012276350520551205,4
2025-12-03,0.073913829952775,0.09835272282361984,4
2025-12-10,0.0854923124411017,0.047533340752124786,4
2025-12-17,-0.0152674721307883,-0.019586408510804176,4
2025-12-24,0.041733481842006,0.06411939114332199,4
2025-12-31,-0.1417216329248036,-0.05272771045565605,4
2026-01-07,-0.1508494626391598,0.04473002627491951,4
